               epoch,      train/box_loss,      train/obj_loss,      train/cls_loss,   metrics/precision,      metrics/recall,     metrics/mAP_0.5,metrics/mAP_0.5:0.95,        val/box_loss,        val/obj_loss,        val/cls_loss,               x/lr0,               x/lr1,               x/lr2
                   0,            0.063547,            0.043358,           0.0076147,             0.73716,             0.57644,             0.65183,             0.35302,            0.048157,            0.028535,           0.0031407,            0.070052,           0.0033276,           0.0033276
                   1,            0.050841,            0.039844,           0.0036652,             0.76164,             0.60354,             0.68924,             0.40991,             0.04293,            0.029494,           0.0028613,             0.04003,           0.0066389,           0.0066389
                   2,            0.047912,            0.042036,           0.0037763,              0.7324,             0.56204,             0.64008,             0.36301,            0.045557,            0.032014,           0.0032084,           0.0099857,           0.0099283,           0.0099283
                   3,            0.047975,            0.044233,           0.0042508,             0.70255,              0.5442,             0.61214,             0.34295,            0.046228,            0.032421,           0.0032482,            0.009901,            0.009901,            0.009901
                   4,            0.047209,             0.04425,           0.0041195,             0.72286,             0.55072,             0.62937,             0.36056,            0.045142,            0.031668,            0.003078,            0.009901,            0.009901,            0.009901
                   5,            0.046319,            0.044002,           0.0039077,             0.74177,             0.57124,             0.65069,             0.38051,            0.043779,            0.031505,           0.0028362,            0.009868,            0.009868,            0.009868
                   6,            0.045761,            0.043573,           0.0038058,             0.75749,             0.57882,             0.66409,             0.39124,            0.043328,            0.030492,           0.0028186,            0.009835,            0.009835,            0.009835
                   7,            0.045315,             0.04327,           0.0037052,             0.77316,             0.58381,             0.67267,             0.40358,            0.042622,            0.030273,           0.0025776,            0.009802,            0.009802,            0.009802
                   8,            0.045096,            0.043311,           0.0036628,             0.77382,             0.58806,             0.67951,             0.41022,            0.042029,            0.030087,           0.0024968,            0.009769,            0.009769,            0.009769
                   9,            0.044903,            0.043381,           0.0036318,             0.77694,             0.59158,             0.68071,             0.41535,            0.041698,            0.029873,           0.0025352,            0.009736,            0.009736,            0.009736
                  10,            0.044613,            0.042798,           0.0035377,             0.77027,             0.59553,             0.68741,             0.41863,            0.041441,            0.029593,           0.0023614,            0.009703,            0.009703,            0.009703
                  11,            0.044552,             0.04281,           0.0035156,             0.77931,             0.60136,              0.6926,             0.42501,            0.040989,            0.029629,           0.0023246,             0.00967,             0.00967,             0.00967
                  12,            0.044456,            0.042998,           0.0035079,             0.78212,             0.60367,             0.69756,             0.43164,            0.040658,            0.029272,           0.0022624,            0.009637,            0.009637,            0.009637
                  13,            0.044319,            0.043047,             0.00348,             0.77425,             0.61623,             0.70128,             0.43568,             0.04046,            0.029174,           0.0021399,            0.009604,            0.009604,            0.009604
                  14,             0.04417,            0.042818,           0.0034671,              0.7791,             0.61393,             0.70434,             0.43902,            0.040243,            0.028968,           0.0021682,            0.009571,            0.009571,            0.009571
                  15,            0.044166,             0.04272,           0.0034707,             0.78003,             0.61561,             0.70884,             0.44189,            0.040023,            0.028872,           0.0021275,            0.009538,            0.009538,            0.009538
                  16,            0.044105,            0.042715,           0.0034394,             0.78752,             0.61816,             0.71082,             0.44799,             0.03977,            0.028811,           0.0020897,            0.009505,            0.009505,            0.009505
                  17,            0.043971,            0.042645,           0.0034276,             0.78263,             0.62198,             0.71393,             0.44805,            0.039727,            0.028671,           0.0020774,            0.009472,            0.009472,            0.009472
                  18,            0.043997,            0.042566,           0.0033759,             0.78835,             0.62152,             0.71583,             0.45132,            0.039558,            0.028628,           0.0020353,            0.009439,            0.009439,            0.009439
                  19,            0.043979,            0.042658,           0.0033819,             0.79844,             0.61812,             0.71836,             0.45342,            0.039399,            0.028584,           0.0020574,            0.009406,            0.009406,            0.009406
                  20,            0.043748,            0.042598,           0.0033795,             0.79801,             0.61966,             0.71815,             0.45368,            0.039339,             0.02856,           0.0020319,            0.009373,            0.009373,            0.009373
                  21,            0.043783,            0.042585,           0.0033471,             0.79574,             0.62407,             0.72107,             0.45604,            0.039298,            0.028523,            0.002031,             0.00934,             0.00934,             0.00934
                  22,            0.043751,            0.042419,            0.003387,              0.7852,             0.63196,             0.72315,             0.45876,            0.039207,            0.028463,           0.0020104,            0.009307,            0.009307,            0.009307
                  23,            0.043767,            0.042247,           0.0033837,             0.79407,             0.62501,             0.72358,             0.45919,            0.039141,            0.028442,           0.0019983,            0.009274,            0.009274,            0.009274
                  24,            0.043672,            0.042261,           0.0033691,             0.79012,             0.62774,              0.7235,              0.4607,             0.03906,            0.028398,           0.0019879,            0.009241,            0.009241,            0.009241
                  25,            0.043735,             0.04255,           0.0033904,             0.79197,             0.62967,             0.72404,             0.46095,            0.038984,            0.028376,           0.0019687,            0.009208,            0.009208,            0.009208
                  26,            0.043545,            0.042282,           0.0033457,             0.79488,             0.62752,             0.72476,              0.4625,            0.038947,            0.028339,           0.0019682,            0.009175,            0.009175,            0.009175
                  27,             0.04365,            0.042372,           0.0033607,              0.7929,             0.62972,             0.72639,             0.46289,            0.038914,            0.028331,           0.0019588,            0.009142,            0.009142,            0.009142
                  28,            0.043484,            0.042297,           0.0032764,             0.79789,             0.62828,             0.72704,             0.46349,            0.038876,            0.028321,           0.0019557,            0.009109,            0.009109,            0.009109
                  29,            0.043628,            0.042203,           0.0033741,             0.79257,             0.63296,             0.72792,             0.46434,            0.038834,            0.028296,             0.00195,            0.009076,            0.009076,            0.009076
                  30,            0.043525,            0.042369,           0.0033535,              0.8036,             0.62811,             0.72864,             0.46501,            0.038789,            0.028271,           0.0019443,            0.009043,            0.009043,            0.009043
                  31,            0.043385,            0.042056,            0.003286,             0.80316,              0.6301,             0.72833,             0.46535,            0.038755,            0.028259,           0.0019442,             0.00901,             0.00901,             0.00901
                  32,            0.043384,            0.042226,           0.0032957,             0.80111,             0.63058,             0.72882,             0.46588,            0.038737,            0.028243,           0.0019435,            0.008977,            0.008977,            0.008977
                  33,            0.043394,            0.042436,           0.0032948,             0.79661,             0.63315,             0.72942,             0.46623,            0.038718,            0.028237,           0.0019427,            0.008944,            0.008944,            0.008944
                  34,            0.043374,            0.042215,           0.0032743,             0.79767,             0.63318,             0.72977,             0.46599,              0.0387,            0.028228,           0.0019411,            0.008911,            0.008911,            0.008911
                  35,            0.043304,            0.042121,           0.0032523,             0.79732,             0.63087,              0.7294,              0.4663,            0.038684,            0.028219,            0.001936,            0.008878,            0.008878,            0.008878
                  36,             0.04327,             0.04216,           0.0032531,              0.7969,             0.63215,             0.72913,             0.46665,            0.038669,             0.02821,           0.0019325,            0.008845,            0.008845,            0.008845
                  37,            0.043289,            0.042322,           0.0032405,             0.79407,              0.6338,              0.7293,             0.46707,            0.038653,            0.028197,           0.0019296,            0.008812,            0.008812,            0.008812
                  38,            0.043284,            0.042148,           0.0032811,             0.79419,             0.63486,             0.72932,             0.46695,             0.03864,            0.028185,           0.0019272,            0.008779,            0.008779,            0.008779
                  39,            0.043269,            0.042197,           0.0032205,             0.79529,             0.63502,             0.72913,             0.46719,            0.038624,            0.028179,           0.0019269,            0.008746,            0.008746,            0.008746
                  40,            0.043154,            0.042156,           0.0032449,             0.79468,             0.63587,             0.72958,             0.46737,            0.038611,            0.028166,           0.0019257,            0.008713,            0.008713,            0.008713
                  41,            0.043217,            0.042138,           0.0032255,             0.79696,             0.63534,             0.73024,             0.46776,            0.038602,             0.02816,           0.0019235,             0.00868,             0.00868,             0.00868
                  42,            0.043196,            0.042046,           0.0032674,             0.79498,             0.63595,             0.73015,             0.46773,            0.038589,            0.028152,           0.0019215,            0.008647,            0.008647,            0.008647
                  43,            0.043124,            0.042138,           0.0032014,             0.79069,             0.63789,             0.73046,             0.46773,             0.03858,            0.028143,           0.0019181,            0.008614,            0.008614,            0.008614
                  44,            0.043075,            0.042122,           0.0032125,             0.79262,             0.63554,             0.73041,             0.46785,             0.03857,            0.028134,           0.0019169,            0.008581,            0.008581,            0.008581
                  45,            0.043028,            0.042034,           0.0032249,             0.79419,             0.63542,             0.73121,             0.46832,            0.038561,            0.028127,            0.001914,            0.008548,            0.008548,            0.008548
                  46,            0.043048,            0.042162,           0.0032031,             0.79486,              0.6353,             0.73113,             0.46869,            0.038556,            0.028123,           0.0019098,            0.008515,            0.008515,            0.008515
                  47,            0.043033,            0.042126,           0.0031906,             0.80024,             0.63225,             0.73156,             0.46866,            0.038547,            0.028112,           0.0019044,            0.008482,            0.008482,            0.008482
                  48,            0.043052,            0.041848,           0.0032024,             0.80186,             0.63147,             0.73131,             0.46887,            0.038536,            0.028103,           0.0018998,            0.008449,            0.008449,            0.008449
                  49,            0.042932,            0.041913,           0.0032224,             0.80212,             0.62981,             0.73121,               0.469,            0.038531,            0.028094,           0.0018975,            0.008416,            0.008416,            0.008416
                  50,            0.043046,            0.042062,           0.0032128,             0.80159,             0.62884,             0.73113,             0.46893,            0.038525,            0.028086,            0.001896,            0.008383,            0.008383,            0.008383
                  51,              0.0429,            0.041782,           0.0031527,             0.80025,             0.63054,             0.73134,             0.46924,             0.03852,            0.028078,           0.0018933,             0.00835,             0.00835,             0.00835
                  52,            0.042842,            0.041867,           0.0031705,             0.80198,             0.62895,             0.73146,             0.46884,            0.038509,            0.028069,           0.0018922,            0.008317,            0.008317,            0.008317
                  53,            0.042928,            0.042126,           0.0031616,             0.80402,             0.62687,             0.73112,             0.46879,            0.038505,            0.028055,           0.0018909,            0.008284,            0.008284,            0.008284
                  54,            0.042846,              0.0419,           0.0031545,             0.80415,             0.62811,             0.73191,             0.46926,            0.038502,            0.028043,             0.00189,            0.008251,            0.008251,            0.008251
                  55,            0.042814,             0.04186,           0.0031413,             0.80606,             0.62763,             0.73215,             0.46939,            0.038498,            0.028037,           0.0018901,            0.008218,            0.008218,            0.008218
                  56,            0.042863,            0.042037,           0.0031425,             0.80114,             0.63119,             0.73191,             0.46942,             0.03849,            0.028027,           0.0018897,            0.008185,            0.008185,            0.008185
                  57,            0.042857,            0.042059,           0.0031662,             0.79929,             0.63265,             0.73244,             0.46952,            0.038486,            0.028021,            0.001887,            0.008152,            0.008152,            0.008152
                  58,            0.042718,            0.041774,           0.0031478,             0.79801,             0.63229,              0.7324,             0.46963,            0.038484,            0.028013,           0.0018848,            0.008119,            0.008119,            0.008119
                  59,            0.042775,            0.041802,            0.003143,             0.79635,             0.63315,             0.73215,             0.46966,            0.038478,            0.028007,            0.001885,            0.008086,            0.008086,            0.008086
                  60,            0.042774,            0.041847,           0.0031407,             0.79296,             0.63553,              0.7323,             0.47004,            0.038473,            0.028001,           0.0018845,            0.008053,            0.008053,            0.008053
                  61,            0.042766,            0.041731,           0.0031408,             0.79416,             0.63395,             0.73214,             0.46989,            0.038464,            0.027994,           0.0018816,             0.00802,             0.00802,             0.00802
                  62,            0.042754,            0.041794,           0.0031693,             0.79186,             0.63574,             0.73163,             0.46993,            0.038451,             0.02799,           0.0018783,            0.007987,            0.007987,            0.007987
                  63,            0.042603,            0.041663,           0.0031059,             0.79045,              0.6375,             0.73208,             0.47016,            0.038435,            0.027983,           0.0018736,            0.007954,            0.007954,            0.007954
                  64,            0.042656,            0.041685,           0.0031609,             0.79089,             0.63763,             0.73217,              0.4705,            0.038418,            0.027979,           0.0018708,            0.007921,            0.007921,            0.007921
                  65,            0.042713,            0.041963,           0.0031171,             0.79117,             0.63686,             0.73245,             0.47057,            0.038406,             0.02797,           0.0018694,            0.007888,            0.007888,            0.007888
                  66,            0.042602,             0.04174,           0.0031094,              0.7923,             0.63665,             0.73237,             0.47054,            0.038395,            0.027963,           0.0018657,            0.007855,            0.007855,            0.007855
                  67,             0.04261,            0.041745,           0.0031101,             0.79608,             0.63569,              0.7326,             0.47071,            0.038384,             0.02796,           0.0018643,            0.007822,            0.007822,            0.007822
                  68,            0.042606,             0.04193,            0.003092,             0.79448,             0.63641,              0.7329,             0.47103,            0.038374,            0.027954,            0.001866,            0.007789,            0.007789,            0.007789
                  69,            0.042593,            0.041691,           0.0030909,             0.79508,             0.63671,             0.73331,             0.47135,            0.038362,            0.027949,           0.0018641,            0.007756,            0.007756,            0.007756
                  70,            0.042491,            0.041727,           0.0030659,             0.79819,             0.63521,             0.73371,             0.47177,            0.038347,            0.027939,           0.0018639,            0.007723,            0.007723,            0.007723
                  71,             0.04251,             0.04164,            0.003094,             0.79955,             0.63475,             0.73414,             0.47187,            0.038336,            0.027927,           0.0018627,             0.00769,             0.00769,             0.00769
                  72,            0.042439,            0.041578,            0.003088,             0.80016,              0.6345,             0.73485,             0.47227,             0.03832,            0.027925,           0.0018626,            0.007657,            0.007657,            0.007657
                  73,            0.042531,            0.041701,           0.0031008,             0.80024,              0.6347,             0.73428,             0.47252,            0.038306,            0.027913,            0.001859,            0.007624,            0.007624,            0.007624
                  74,            0.042473,             0.04173,           0.0030723,             0.79649,             0.63833,              0.7349,             0.47283,            0.038293,             0.02791,           0.0018577,            0.007591,            0.007591,            0.007591
                  75,            0.042433,            0.041553,           0.0030784,             0.79925,             0.63642,             0.73469,             0.47314,             0.03828,            0.027904,           0.0018568,            0.007558,            0.007558,            0.007558
                  76,            0.042481,            0.041582,           0.0030626,             0.80023,             0.63626,             0.73501,             0.47315,            0.038268,            0.027897,            0.001855,            0.007525,            0.007525,            0.007525
                  77,            0.042431,             0.04163,           0.0030531,              0.7984,             0.63687,             0.73504,             0.47326,            0.038256,            0.027888,           0.0018542,            0.007492,            0.007492,            0.007492
                  78,            0.042431,            0.041663,           0.0030787,             0.79726,             0.63516,             0.73425,             0.47317,            0.038244,             0.02788,           0.0018543,            0.007459,            0.007459,            0.007459
                  79,             0.04242,            0.041587,           0.0030543,             0.79886,             0.63442,             0.73463,             0.47335,            0.038229,            0.027875,            0.001853,            0.007426,            0.007426,            0.007426
                  80,            0.042293,            0.041517,           0.0030418,             0.79941,             0.63407,             0.73443,             0.47329,            0.038218,            0.027871,           0.0018523,            0.007393,            0.007393,            0.007393
                  81,            0.042281,            0.041609,           0.0030121,             0.80137,              0.6323,             0.73387,             0.47372,            0.038206,             0.02787,           0.0018523,             0.00736,             0.00736,             0.00736
                  82,             0.04226,            0.041596,           0.0030354,             0.80044,             0.63373,             0.73393,             0.47374,            0.038199,            0.027864,           0.0018513,            0.007327,            0.007327,            0.007327
                  83,            0.042367,            0.041559,           0.0030246,             0.80416,             0.63124,              0.7343,              0.4741,            0.038192,            0.027859,           0.0018493,            0.007294,            0.007294,            0.007294
                  84,            0.042342,            0.041431,           0.0030545,             0.80367,             0.63222,             0.73428,             0.47449,            0.038186,            0.027852,           0.0018477,            0.007261,            0.007261,            0.007261
                  85,            0.042304,            0.041375,           0.0030481,             0.80447,             0.63282,             0.73429,              0.4746,            0.038176,            0.027848,           0.0018454,            0.007228,            0.007228,            0.007228
                  86,            0.042322,             0.04152,           0.0030496,             0.80418,               0.633,             0.73498,             0.47475,            0.038167,            0.027846,           0.0018412,            0.007195,            0.007195,            0.007195
                  87,             0.04226,            0.041509,           0.0030026,              0.8041,             0.63223,             0.73507,             0.47471,            0.038154,            0.027845,           0.0018385,            0.007162,            0.007162,            0.007162
                  88,            0.042232,            0.041576,           0.0030052,              0.8021,             0.63412,              0.7353,             0.47489,             0.03814,            0.027837,           0.0018358,            0.007129,            0.007129,            0.007129
                  89,            0.042211,            0.041424,           0.0030095,             0.81051,             0.63004,             0.73526,             0.47508,            0.038125,            0.027832,           0.0018344,            0.007096,            0.007096,            0.007096
                  90,            0.042269,             0.04142,           0.0030261,             0.80867,             0.63007,             0.73586,             0.47539,            0.038115,            0.027823,           0.0018326,            0.007063,            0.007063,            0.007063
                  91,            0.042144,            0.041372,           0.0029686,             0.80676,             0.63226,             0.73572,             0.47539,            0.038105,            0.027818,           0.0018317,             0.00703,             0.00703,             0.00703
                  92,            0.042089,            0.041476,           0.0030037,             0.80925,             0.63061,             0.73539,             0.47528,            0.038095,            0.027806,           0.0018304,            0.006997,            0.006997,            0.006997
                  93,            0.042081,            0.041457,           0.0029655,             0.80425,             0.63387,             0.73557,              0.4755,            0.038088,            0.027801,           0.0018287,            0.006964,            0.006964,            0.006964
                  94,            0.042169,            0.041312,           0.0029716,             0.80316,             0.63519,             0.73583,              0.4759,            0.038081,            0.027795,           0.0018268,            0.006931,            0.006931,            0.006931
                  95,            0.042119,            0.041331,           0.0029726,             0.80297,             0.63587,             0.73569,             0.47549,            0.038076,            0.027791,           0.0018252,            0.006898,            0.006898,            0.006898
                  96,            0.042012,            0.041291,           0.0029628,             0.80668,             0.63459,             0.73624,             0.47603,            0.038068,             0.02779,           0.0018219,            0.006865,            0.006865,            0.006865
                  97,            0.042029,            0.041362,           0.0029714,             0.80458,             0.63589,             0.73633,             0.47627,            0.038059,            0.027789,           0.0018183,            0.006832,            0.006832,            0.006832
                  98,             0.04208,            0.041239,           0.0030005,             0.80353,             0.63807,             0.73654,             0.47625,             0.03805,            0.027786,           0.0018178,            0.006799,            0.006799,            0.006799
                  99,            0.042051,             0.04129,            0.003003,             0.80653,             0.63441,             0.73646,             0.47652,            0.038044,            0.027782,           0.0018174,            0.006766,            0.006766,            0.006766
                 100,            0.042031,            0.041239,           0.0029735,             0.80507,             0.63678,             0.73706,             0.47668,            0.038035,            0.027774,           0.0018163,            0.006733,            0.006733,            0.006733
                 101,            0.041969,            0.041206,           0.0029342,             0.80661,             0.63476,             0.73642,             0.47657,            0.038023,             0.02777,           0.0018145,              0.0067,              0.0067,              0.0067
                 102,            0.041914,            0.041312,           0.0029413,             0.80785,             0.63496,              0.7368,             0.47654,            0.038009,            0.027765,           0.0018129,            0.006667,            0.006667,            0.006667
                 103,             0.04198,            0.041235,           0.0029659,             0.80668,             0.63628,             0.73703,              0.4766,            0.037997,            0.027757,           0.0018102,            0.006634,            0.006634,            0.006634
                 104,            0.041924,            0.041321,            0.002929,             0.80514,             0.63722,             0.73717,             0.47693,            0.037984,            0.027754,           0.0018054,            0.006601,            0.006601,            0.006601
                 105,            0.041873,            0.041211,           0.0029358,             0.80777,             0.63762,             0.73756,             0.47723,            0.037973,            0.027752,           0.0018027,            0.006568,            0.006568,            0.006568
                 106,            0.041868,            0.041072,           0.0029576,             0.80599,             0.63929,             0.73736,             0.47755,            0.037964,            0.027744,           0.0018011,            0.006535,            0.006535,            0.006535
                 107,            0.041916,            0.041248,           0.0029544,             0.80692,             0.63868,             0.73745,             0.47761,            0.037952,            0.027737,           0.0018006,            0.006502,            0.006502,            0.006502
                 108,            0.041759,            0.041099,           0.0029053,             0.80687,             0.63835,             0.73819,             0.47804,            0.037938,            0.027732,           0.0017991,            0.006469,            0.006469,            0.006469
                 109,            0.041848,             0.04116,           0.0029277,             0.80869,             0.63805,             0.73822,             0.47823,             0.03793,            0.027725,           0.0017999,            0.006436,            0.006436,            0.006436
                 110,            0.041875,            0.041154,           0.0029732,             0.80777,             0.63862,              0.7388,             0.47841,            0.037918,            0.027721,           0.0017979,            0.006403,            0.006403,            0.006403
                 111,            0.041756,            0.041026,           0.0029032,             0.80827,              0.6389,             0.73883,             0.47866,            0.037907,            0.027713,           0.0017971,             0.00637,             0.00637,             0.00637
                 112,            0.041752,             0.04111,           0.0029297,             0.80715,             0.64056,             0.73915,             0.47858,            0.037897,            0.027707,           0.0017943,            0.006337,            0.006337,            0.006337
                 113,            0.041826,            0.041103,           0.0029088,             0.81005,             0.63948,              0.7395,              0.4792,            0.037883,            0.027705,            0.001792,            0.006304,            0.006304,            0.006304
                 114,            0.041747,            0.040916,           0.0029079,             0.80877,             0.64039,             0.73892,             0.47899,            0.037876,            0.027706,           0.0017882,            0.006271,            0.006271,            0.006271
                 115,            0.041727,            0.041047,           0.0029099,             0.80902,             0.64008,             0.73948,             0.47889,            0.037868,            0.027702,           0.0017878,            0.006238,            0.006238,            0.006238
                 116,            0.041722,            0.040959,           0.0028832,             0.81009,              0.6391,             0.73931,             0.47915,            0.037863,            0.027698,           0.0017881,            0.006205,            0.006205,            0.006205
                 117,            0.041731,             0.04101,           0.0029165,             0.80954,             0.63933,             0.73958,              0.4793,            0.037856,            0.027698,           0.0017859,            0.006172,            0.006172,            0.006172
                 118,            0.041725,            0.041028,           0.0029093,             0.80996,             0.63864,             0.73943,             0.47939,            0.037845,            0.027696,           0.0017877,            0.006139,            0.006139,            0.006139
                 119,             0.04164,            0.040925,             0.00288,             0.80983,             0.63895,             0.73992,             0.47962,            0.037831,            0.027692,           0.0017885,            0.006106,            0.006106,            0.006106
                 120,            0.041654,            0.041041,           0.0029093,             0.80999,             0.63916,             0.74015,             0.47977,            0.037819,            0.027689,            0.001789,            0.006073,            0.006073,            0.006073
                 121,            0.041569,            0.040841,           0.0028799,              0.8122,             0.63898,             0.74089,             0.47967,             0.03781,            0.027687,           0.0017883,             0.00604,             0.00604,             0.00604
                 122,            0.041607,            0.041044,           0.0028671,             0.81132,             0.63995,             0.74042,              0.4797,            0.037802,            0.027683,           0.0017881,            0.006007,            0.006007,            0.006007
                 123,            0.041577,             0.04072,           0.0028967,             0.81316,             0.63993,             0.74046,             0.48002,            0.037791,            0.027678,           0.0017873,            0.005974,            0.005974,            0.005974
                 124,            0.041591,            0.040828,            0.002877,             0.80909,             0.64359,             0.74091,             0.48024,            0.037781,            0.027676,           0.0017856,            0.005941,            0.005941,            0.005941
                 125,             0.04155,             0.04085,           0.0028382,             0.81226,             0.63966,             0.74021,             0.48029,            0.037771,            0.027672,           0.0017843,            0.005908,            0.005908,            0.005908
                 126,            0.041628,            0.040985,           0.0028587,             0.80517,             0.64456,             0.74066,             0.48043,            0.037762,            0.027672,           0.0017843,            0.005875,            0.005875,            0.005875
                 127,            0.041505,            0.041085,            0.002846,              0.8035,             0.64567,             0.74073,             0.48042,            0.037754,            0.027668,            0.001784,            0.005842,            0.005842,            0.005842
                 128,            0.041497,            0.040828,           0.0028378,             0.80357,             0.64525,             0.74134,              0.4807,            0.037747,            0.027662,           0.0017822,            0.005809,            0.005809,            0.005809
                 129,            0.041459,             0.04087,           0.0028854,             0.80174,             0.64678,             0.74112,              0.4808,            0.037738,            0.027662,           0.0017814,            0.005776,            0.005776,            0.005776
                 130,            0.041445,            0.040876,             0.00283,              0.8059,             0.64406,             0.74091,              0.4811,            0.037737,            0.027663,           0.0017805,            0.005743,            0.005743,            0.005743
                 131,             0.04135,            0.040727,           0.0028281,             0.80612,              0.6436,             0.74099,             0.48129,            0.037731,            0.027662,           0.0017803,             0.00571,             0.00571,             0.00571
                 132,            0.041415,            0.040788,           0.0028181,             0.80878,              0.6432,             0.74158,             0.48107,            0.037724,            0.027662,             0.00178,            0.005677,            0.005677,            0.005677
                 133,            0.041371,             0.04058,           0.0028505,             0.81009,             0.64273,             0.74174,              0.4812,             0.03772,            0.027659,           0.0017809,            0.005644,            0.005644,            0.005644
                 134,            0.041333,            0.040613,           0.0028472,             0.80532,             0.64425,             0.74212,             0.48142,            0.037715,            0.027654,           0.0017807,            0.005611,            0.005611,            0.005611
                 135,            0.041387,            0.040809,           0.0028368,             0.80712,             0.64341,              0.7422,             0.48187,            0.037708,            0.027649,            0.001782,            0.005578,            0.005578,            0.005578
                 136,            0.041335,            0.040662,           0.0027979,             0.80081,             0.64762,              0.7419,             0.48199,              0.0377,            0.027647,           0.0017822,            0.005545,            0.005545,            0.005545
                 137,            0.041258,            0.040722,           0.0028116,             0.80432,              0.6472,             0.74294,             0.48229,            0.037697,            0.027648,            0.001781,            0.005512,            0.005512,            0.005512
                 138,            0.041339,            0.040516,           0.0028069,             0.80274,             0.64573,             0.74231,             0.48209,            0.037689,            0.027649,           0.0017797,            0.005479,            0.005479,            0.005479
                 139,            0.041297,            0.040685,           0.0028141,             0.80657,             0.64374,             0.74255,             0.48237,            0.037682,            0.027646,            0.001778,            0.005446,            0.005446,            0.005446
                 140,            0.041243,            0.040544,           0.0028293,             0.80761,             0.64324,             0.74233,             0.48237,             0.03768,            0.027644,           0.0017762,            0.005413,            0.005413,            0.005413
                 141,            0.041206,            0.040711,           0.0027633,             0.80671,             0.64339,             0.74237,             0.48269,            0.037676,            0.027642,           0.0017759,             0.00538,             0.00538,             0.00538
                 142,            0.041263,            0.040636,           0.0027857,             0.80479,             0.64545,             0.74273,             0.48264,            0.037669,            0.027643,           0.0017743,            0.005347,            0.005347,            0.005347
                 143,              0.0412,            0.040743,           0.0027898,             0.80191,             0.64779,              0.7431,             0.48309,            0.037666,            0.027635,           0.0017741,            0.005314,            0.005314,            0.005314
                 144,            0.041145,            0.040478,           0.0027852,             0.80509,             0.64604,             0.74257,             0.48295,            0.037663,            0.027633,           0.0017724,            0.005281,            0.005281,            0.005281
                 145,            0.041183,            0.040679,           0.0027527,             0.81219,             0.64224,              0.7426,             0.48288,            0.037662,            0.027633,           0.0017717,            0.005248,            0.005248,            0.005248
                 146,            0.041124,            0.040569,           0.0027792,             0.81009,             0.64446,               0.743,              0.4834,            0.037654,            0.027629,           0.0017719,            0.005215,            0.005215,            0.005215
                 147,            0.041135,            0.040383,           0.0027522,             0.81015,             0.64394,             0.74324,             0.48334,             0.03765,            0.027624,           0.0017718,            0.005182,            0.005182,            0.005182
                 148,            0.041038,            0.040443,           0.0027404,             0.80822,              0.6456,              0.7431,              0.4834,             0.03765,            0.027621,           0.0017736,            0.005149,            0.005149,            0.005149
                 149,            0.041141,            0.040604,           0.0027336,             0.80798,             0.64658,             0.74331,              0.4834,             0.03765,            0.027618,           0.0017737,            0.005116,            0.005116,            0.005116
                 150,            0.041038,            0.040496,           0.0027468,             0.80924,             0.64584,             0.74387,              0.4837,            0.037647,            0.027617,           0.0017752,            0.005083,            0.005083,            0.005083
                 151,            0.041037,            0.040462,           0.0027269,             0.80636,             0.64734,             0.74356,             0.48377,            0.037644,            0.027613,           0.0017759,             0.00505,             0.00505,             0.00505
                 152,            0.041015,             0.04042,           0.0027396,              0.8065,             0.64789,             0.74398,             0.48379,            0.037638,            0.027609,           0.0017763,            0.005017,            0.005017,            0.005017
                 153,            0.040959,            0.040206,            0.002737,             0.80849,             0.64713,             0.74432,             0.48389,            0.037633,             0.02761,           0.0017745,            0.004984,            0.004984,            0.004984
                 154,            0.041031,            0.040312,           0.0027419,             0.80846,              0.6462,             0.74413,             0.48369,            0.037625,            0.027603,            0.001774,            0.004951,            0.004951,            0.004951
                 155,            0.040963,            0.040354,           0.0027298,             0.81323,              0.6441,             0.74387,             0.48371,            0.037619,            0.027599,           0.0017752,            0.004918,            0.004918,            0.004918
                 156,            0.040947,            0.040321,           0.0027251,             0.80969,             0.64593,             0.74338,             0.48405,            0.037612,            0.027596,           0.0017765,            0.004885,            0.004885,            0.004885
                 157,            0.040933,            0.040461,           0.0027196,             0.81207,             0.64552,             0.74338,             0.48441,            0.037604,            0.027595,           0.0017792,            0.004852,            0.004852,            0.004852
                 158,            0.040897,            0.040253,           0.0027343,             0.81105,             0.64531,              0.7429,             0.48416,            0.037596,            0.027595,           0.0017788,            0.004819,            0.004819,            0.004819
                 159,             0.04097,            0.040664,           0.0027155,             0.81081,             0.64614,              0.7437,             0.48482,            0.037587,             0.02759,           0.0017765,            0.004786,            0.004786,            0.004786
                 160,            0.040878,            0.040401,           0.0026696,             0.81033,              0.6469,             0.74465,              0.4848,            0.037584,            0.027586,           0.0017753,            0.004753,            0.004753,            0.004753
                 161,            0.040869,            0.040443,           0.0026975,             0.80736,              0.6487,             0.74434,             0.48492,             0.03758,            0.027587,           0.0017761,             0.00472,             0.00472,             0.00472
                 162,            0.040739,             0.04018,           0.0026723,             0.80281,             0.65055,             0.74456,             0.48496,            0.037577,            0.027585,           0.0017759,            0.004687,            0.004687,            0.004687
                 163,            0.040835,            0.040195,           0.0026733,             0.80012,              0.6516,             0.74438,             0.48497,            0.037573,            0.027584,            0.001775,            0.004654,            0.004654,            0.004654
                 164,            0.040818,            0.040143,           0.0026934,             0.80276,             0.65008,             0.74458,             0.48529,            0.037566,            0.027582,           0.0017727,            0.004621,            0.004621,            0.004621
                 165,            0.040803,            0.040256,           0.0026834,             0.80232,             0.65019,              0.7445,             0.48542,            0.037553,            0.027578,           0.0017708,            0.004588,            0.004588,            0.004588
                 166,            0.040707,            0.040079,           0.0026604,             0.80135,             0.65172,             0.74464,             0.48521,            0.037543,            0.027578,           0.0017715,            0.004555,            0.004555,            0.004555
                 167,            0.040692,            0.040174,           0.0026668,              0.8009,             0.65167,             0.74402,             0.48509,            0.037535,            0.027575,           0.0017717,            0.004522,            0.004522,            0.004522
                 168,            0.040721,             0.04004,            0.002669,             0.80361,             0.65059,              0.7445,             0.48561,            0.037524,            0.027575,            0.001773,            0.004489,            0.004489,            0.004489
                 169,            0.040622,            0.040052,           0.0026722,             0.80137,             0.65141,             0.74456,             0.48557,            0.037516,            0.027573,           0.0017735,            0.004456,            0.004456,            0.004456
                 170,            0.040608,             0.04008,           0.0026588,             0.80306,             0.65265,             0.74456,             0.48607,            0.037513,            0.027573,           0.0017729,            0.004423,            0.004423,            0.004423
                 171,            0.040655,            0.040218,           0.0026478,             0.80228,             0.65294,             0.74419,             0.48632,            0.037508,             0.02757,           0.0017713,             0.00439,             0.00439,             0.00439
                 172,            0.040574,            0.040014,           0.0026392,             0.80305,             0.65241,              0.7435,             0.48601,            0.037502,            0.027568,           0.0017691,            0.004357,            0.004357,            0.004357
                 173,            0.040577,            0.040098,           0.0026402,             0.80337,             0.65238,             0.74395,             0.48632,            0.037494,            0.027567,           0.0017661,            0.004324,            0.004324,            0.004324
                 174,            0.040491,             0.03997,           0.0026397,             0.80548,             0.65202,             0.74432,             0.48639,            0.037485,            0.027564,           0.0017649,            0.004291,            0.004291,            0.004291
                 175,            0.040616,            0.040063,           0.0026343,             0.80446,             0.65203,               0.744,             0.48621,            0.037475,            0.027564,           0.0017627,            0.004258,            0.004258,            0.004258
                 176,            0.040465,            0.040056,           0.0025959,             0.80459,             0.65263,             0.74418,             0.48656,            0.037466,            0.027564,           0.0017625,            0.004225,            0.004225,            0.004225
                 177,            0.040503,            0.040116,           0.0026181,             0.80734,             0.65241,             0.74489,             0.48714,            0.037455,            0.027565,           0.0017638,            0.004192,            0.004192,            0.004192
                 178,            0.040457,             0.03983,           0.0026044,              0.8058,              0.6523,             0.74468,             0.48727,            0.037449,            0.027568,           0.0017609,            0.004159,            0.004159,            0.004159
                 179,            0.040489,             0.03991,           0.0026239,             0.80578,             0.65304,             0.74509,             0.48757,            0.037439,            0.027567,           0.0017586,            0.004126,            0.004126,            0.004126
                 180,            0.040379,            0.039859,           0.0025887,             0.80499,             0.65313,             0.74502,              0.4874,            0.037429,            0.027564,            0.001756,            0.004093,            0.004093,            0.004093
                 181,            0.040409,             0.03976,           0.0025768,             0.80691,             0.65181,             0.74531,             0.48746,            0.037423,            0.027563,           0.0017512,             0.00406,             0.00406,             0.00406
                 182,            0.040356,             0.03974,           0.0025964,               0.806,             0.65139,             0.74513,              0.4876,            0.037417,            0.027562,           0.0017482,            0.004027,            0.004027,            0.004027
                 183,            0.040335,            0.039832,           0.0025631,             0.80517,             0.65143,             0.74534,             0.48761,            0.037414,            0.027558,           0.0017472,            0.003994,            0.003994,            0.003994
                 184,            0.040305,            0.039886,           0.0025845,             0.80669,             0.65223,             0.74564,             0.48779,            0.037414,            0.027559,           0.0017465,            0.003961,            0.003961,            0.003961
                 185,            0.040292,            0.039845,            0.002569,             0.80737,             0.65148,             0.74574,             0.48764,            0.037407,            0.027557,           0.0017479,            0.003928,            0.003928,            0.003928
                 186,            0.040279,             0.03968,           0.0025415,             0.80732,             0.65171,             0.74594,             0.48775,            0.037401,            0.027553,           0.0017463,            0.003895,            0.003895,            0.003895
                 187,            0.040297,            0.039768,            0.002553,             0.80379,             0.65263,              0.7459,             0.48787,            0.037396,            0.027548,           0.0017443,            0.003862,            0.003862,            0.003862
                 188,            0.040192,            0.039594,           0.0025568,             0.80532,             0.65318,             0.74632,             0.48793,            0.037392,            0.027543,           0.0017438,            0.003829,            0.003829,            0.003829
                 189,            0.040213,            0.039895,           0.0025578,             0.80875,             0.65219,             0.74627,             0.48795,            0.037389,            0.027545,           0.0017435,            0.003796,            0.003796,            0.003796
                 190,            0.040155,            0.039667,           0.0025298,             0.80839,             0.65219,             0.74627,             0.48796,            0.037388,            0.027545,           0.0017441,            0.003763,            0.003763,            0.003763
                 191,             0.04016,            0.039665,           0.0025637,             0.80969,             0.65225,             0.74613,             0.48794,            0.037385,            0.027541,           0.0017422,             0.00373,             0.00373,             0.00373
                 192,            0.040141,            0.039693,           0.0025187,             0.81063,             0.65091,             0.74624,             0.48775,            0.037379,            0.027534,           0.0017416,            0.003697,            0.003697,            0.003697
                 193,            0.040066,             0.03951,           0.0025335,             0.81085,             0.65152,             0.74604,             0.48818,            0.037372,            0.027527,             0.00174,            0.003664,            0.003664,            0.003664
                 194,            0.040075,            0.039604,           0.0025163,             0.80861,              0.6532,             0.74622,             0.48865,            0.037363,            0.027519,           0.0017391,            0.003631,            0.003631,            0.003631
                 195,            0.040009,            0.039387,           0.0025292,             0.80972,             0.65228,             0.74675,             0.48874,            0.037355,            0.027518,           0.0017375,            0.003598,            0.003598,            0.003598
                 196,            0.040007,            0.039642,           0.0024922,             0.80922,             0.65284,             0.74742,             0.48865,            0.037347,             0.02752,           0.0017371,            0.003565,            0.003565,            0.003565
                 197,            0.039935,            0.039547,           0.0024968,             0.80825,             0.65183,             0.74741,             0.48904,            0.037341,            0.027518,            0.001738,            0.003532,            0.003532,            0.003532
                 198,            0.039949,            0.039581,           0.0024941,             0.80718,             0.65263,             0.74693,             0.48915,            0.037341,            0.027515,           0.0017389,            0.003499,            0.003499,            0.003499
                 199,            0.039866,            0.039401,           0.0024909,             0.80676,             0.65336,             0.74711,             0.48909,            0.037336,            0.027515,           0.0017383,            0.003466,            0.003466,            0.003466
                 200,            0.039891,            0.039405,           0.0024984,             0.80797,             0.65479,             0.74774,             0.48931,            0.037334,            0.027514,           0.0017409,            0.003433,            0.003433,            0.003433
                 201,            0.039893,            0.039407,           0.0025079,             0.80939,             0.65351,             0.74808,             0.48958,            0.037334,            0.027512,           0.0017411,              0.0034,              0.0034,              0.0034
                 202,            0.039845,            0.039484,           0.0024684,             0.80977,              0.6521,             0.74762,             0.48931,            0.037333,            0.027514,           0.0017434,            0.003367,            0.003367,            0.003367
                 203,            0.039827,            0.039287,           0.0024809,             0.81176,             0.65179,             0.74773,             0.48938,             0.03733,            0.027513,           0.0017416,            0.003334,            0.003334,            0.003334
                 204,            0.039831,             0.03951,           0.0024828,             0.81169,             0.65217,             0.74759,             0.48967,            0.037328,            0.027512,             0.00174,            0.003301,            0.003301,            0.003301
                 205,             0.03969,            0.039303,            0.002441,             0.81129,             0.65287,             0.74763,             0.49016,            0.037326,            0.027512,           0.0017385,            0.003268,            0.003268,            0.003268
                 206,            0.039715,            0.039326,           0.0024671,              0.8123,              0.6525,             0.74787,             0.49029,            0.037322,            0.027511,           0.0017381,            0.003235,            0.003235,            0.003235
                 207,            0.039652,            0.039377,           0.0024126,             0.81215,             0.65248,             0.74785,             0.49039,            0.037318,            0.027514,           0.0017371,            0.003202,            0.003202,            0.003202
                 208,            0.039688,            0.039211,           0.0024272,             0.81241,             0.65373,             0.74768,             0.49042,            0.037312,            0.027516,            0.001735,            0.003169,            0.003169,            0.003169
                 209,            0.039623,            0.039237,           0.0024002,             0.81424,             0.65074,             0.74709,             0.49026,            0.037308,            0.027518,           0.0017317,            0.003136,            0.003136,            0.003136
                 210,            0.039571,            0.039127,           0.0024398,             0.81391,             0.65124,             0.74725,             0.49029,            0.037304,            0.027514,           0.0017301,            0.003103,            0.003103,            0.003103
                 211,            0.039563,            0.039305,            0.002389,             0.81175,             0.65336,             0.74743,             0.49054,            0.037299,            0.027515,           0.0017304,             0.00307,             0.00307,             0.00307
                 212,             0.03953,            0.039052,           0.0024065,             0.81122,             0.65259,             0.74765,             0.49027,            0.037293,            0.027507,           0.0017307,            0.003037,            0.003037,            0.003037
                 213,            0.039445,            0.038938,           0.0023672,              0.8142,             0.65102,             0.74761,             0.49053,            0.037289,            0.027505,           0.0017318,            0.003004,            0.003004,            0.003004
                 214,             0.03936,             0.03888,           0.0023608,             0.81317,             0.65179,             0.74783,              0.4905,            0.037287,            0.027498,           0.0017314,            0.002971,            0.002971,            0.002971
                 215,            0.039406,             0.03903,           0.0023961,             0.81237,              0.6515,             0.74742,              0.4902,            0.037283,            0.027494,             0.00173,            0.002938,            0.002938,            0.002938
                 216,            0.039356,            0.038883,           0.0023691,             0.80883,             0.65385,             0.74707,             0.49029,             0.03728,            0.027486,           0.0017283,            0.002905,            0.002905,            0.002905
                 217,            0.039349,            0.038868,           0.0023532,             0.81136,             0.65223,              0.7471,             0.49022,            0.037274,             0.02748,           0.0017276,            0.002872,            0.002872,            0.002872
                 218,            0.039324,            0.038908,           0.0023513,             0.81299,             0.65204,              0.7475,             0.49038,            0.037267,            0.027477,           0.0017273,            0.002839,            0.002839,            0.002839
                 219,            0.039347,            0.038743,           0.0023486,             0.81247,             0.65244,             0.74739,             0.49057,            0.037257,            0.027479,           0.0017272,            0.002806,            0.002806,            0.002806
                 220,            0.039281,            0.038726,           0.0023692,             0.81102,             0.65417,             0.74785,             0.49065,             0.03725,            0.027471,           0.0017289,            0.002773,            0.002773,            0.002773
                 221,              0.0393,            0.038703,           0.0023386,             0.81336,             0.65259,             0.74772,             0.49088,            0.037244,             0.02747,            0.001729,             0.00274,             0.00274,             0.00274
                 222,            0.039246,            0.038782,           0.0023234,             0.81064,             0.65464,             0.74825,              0.4911,            0.037237,            0.027463,           0.0017282,            0.002707,            0.002707,            0.002707
                 223,            0.039137,            0.038661,           0.0023184,             0.81085,             0.65333,             0.74895,             0.49131,            0.037232,            0.027458,           0.0017251,            0.002674,            0.002674,            0.002674
                 224,            0.039154,             0.03863,           0.0023427,             0.80979,             0.65415,             0.74886,             0.49157,            0.037227,            0.027454,           0.0017236,            0.002641,            0.002641,            0.002641
                 225,            0.039185,            0.038864,           0.0023443,             0.80887,             0.65568,             0.74899,             0.49167,            0.037225,            0.027447,           0.0017222,            0.002608,            0.002608,            0.002608
                 226,            0.039063,            0.038735,           0.0022801,             0.80936,             0.65587,             0.74893,             0.49157,            0.037223,            0.027447,           0.0017222,            0.002575,            0.002575,            0.002575
                 227,            0.039005,            0.038669,           0.0022763,             0.80756,             0.65603,             0.74877,             0.49165,             0.03722,            0.027446,            0.001722,            0.002542,            0.002542,            0.002542
                 228,            0.039031,            0.038538,           0.0022702,             0.80625,             0.65683,             0.74913,             0.49191,            0.037216,            0.027444,           0.0017213,            0.002509,            0.002509,            0.002509
                 229,             0.03902,            0.038522,            0.002253,              0.8051,             0.65663,             0.74873,             0.49205,            0.037213,            0.027441,           0.0017203,            0.002476,            0.002476,            0.002476
                 230,            0.039045,            0.038619,            0.002282,             0.80936,             0.65484,             0.74896,               0.492,            0.037211,            0.027441,           0.0017209,            0.002443,            0.002443,            0.002443
                 231,            0.038917,            0.038477,           0.0022719,             0.80799,             0.65643,             0.74902,             0.49197,            0.037208,            0.027437,           0.0017221,             0.00241,             0.00241,             0.00241
                 232,            0.038817,            0.038502,           0.0022693,              0.8079,              0.6561,             0.74857,             0.49211,            0.037202,            0.027434,           0.0017226,            0.002377,            0.002377,            0.002377
                 233,            0.038833,            0.038489,            0.002252,             0.80519,             0.65723,             0.74862,             0.49191,            0.037201,            0.027436,           0.0017254,            0.002344,            0.002344,            0.002344
                 234,            0.038812,            0.038613,           0.0022567,             0.80528,             0.65834,             0.74833,             0.49202,            0.037197,            0.027434,           0.0017279,            0.002311,            0.002311,            0.002311
                 235,            0.038798,             0.03831,            0.002252,             0.80379,             0.66001,             0.74827,             0.49198,            0.037196,            0.027433,           0.0017311,            0.002278,            0.002278,            0.002278
                 236,            0.038698,             0.03831,           0.0022248,              0.8056,             0.65808,             0.74882,             0.49222,            0.037195,            0.027431,            0.001734,            0.002245,            0.002245,            0.002245
                 237,            0.038678,            0.038249,           0.0022364,              0.8048,             0.65929,             0.74886,             0.49228,            0.037193,            0.027436,           0.0017361,            0.002212,            0.002212,            0.002212
                 238,            0.038633,            0.038121,           0.0022142,              0.8061,             0.65794,             0.74879,             0.49225,            0.037186,            0.027438,           0.0017378,            0.002179,            0.002179,            0.002179
                 239,            0.038563,            0.038128,           0.0021978,             0.80712,             0.65834,             0.74853,             0.49237,            0.037184,             0.02744,           0.0017392,            0.002146,            0.002146,            0.002146
                 240,            0.038577,            0.038099,           0.0022047,              0.8055,             0.65801,             0.74852,             0.49277,            0.037182,            0.027442,           0.0017399,            0.002113,            0.002113,            0.002113
                 241,            0.038597,            0.038291,           0.0022106,             0.80948,              0.6568,             0.74855,             0.49282,            0.037185,            0.027443,           0.0017429,             0.00208,             0.00208,             0.00208
                 242,            0.038538,            0.038079,           0.0021642,             0.80916,              0.6578,             0.74853,             0.49294,            0.037185,            0.027447,           0.0017438,            0.002047,            0.002047,            0.002047
                 243,            0.038454,            0.038264,           0.0021878,             0.81044,              0.6572,             0.74836,             0.49279,            0.037184,            0.027449,            0.001746,            0.002014,            0.002014,            0.002014
                 244,            0.038429,            0.037958,           0.0021424,             0.80954,             0.65724,             0.74862,             0.49272,            0.037181,            0.027447,           0.0017474,            0.001981,            0.001981,            0.001981
                 245,            0.038397,            0.037964,           0.0021706,             0.81088,             0.65496,              0.7481,             0.49256,            0.037181,            0.027453,           0.0017497,            0.001948,            0.001948,            0.001948
                 246,             0.03836,            0.037826,           0.0021564,             0.81014,             0.65613,             0.74775,             0.49281,            0.037182,            0.027458,           0.0017526,            0.001915,            0.001915,            0.001915
                 247,            0.038322,            0.037723,           0.0021387,             0.80548,             0.65937,             0.74828,             0.49296,            0.037178,            0.027462,           0.0017538,            0.001882,            0.001882,            0.001882
                 248,            0.038218,            0.037794,           0.0021141,             0.80594,             0.65909,             0.74866,             0.49306,            0.037175,            0.027472,           0.0017525,            0.001849,            0.001849,            0.001849
                 249,            0.038222,            0.037926,           0.0021232,             0.80625,             0.65886,             0.74858,             0.49299,            0.037171,            0.027479,           0.0017541,            0.001816,            0.001816,            0.001816
                 250,             0.03822,            0.037718,           0.0021201,              0.8068,             0.65766,             0.74866,             0.49265,            0.037169,            0.027486,            0.001755,            0.001783,            0.001783,            0.001783
                 251,            0.038145,            0.037583,           0.0021029,              0.8075,             0.65769,             0.74812,             0.49242,            0.037164,            0.027489,           0.0017576,             0.00175,             0.00175,             0.00175
                 252,            0.038101,             0.03758,           0.0021155,             0.80674,             0.65937,             0.74812,             0.49247,            0.037161,            0.027492,             0.00176,            0.001717,            0.001717,            0.001717
                 253,            0.037993,             0.03749,           0.0020868,             0.80911,             0.65638,             0.74773,             0.49245,            0.037155,            0.027497,           0.0017622,            0.001684,            0.001684,            0.001684
                 254,            0.038098,            0.037635,            0.002081,             0.80925,             0.65618,             0.74747,             0.49264,            0.037149,            0.027499,           0.0017657,            0.001651,            0.001651,            0.001651
                 255,            0.037897,            0.037397,           0.0020659,               0.809,             0.65547,             0.74741,             0.49265,            0.037146,            0.027506,           0.0017694,            0.001618,            0.001618,            0.001618
                 256,            0.037924,            0.037515,           0.0020479,             0.80791,             0.65703,             0.74762,             0.49275,            0.037144,            0.027512,           0.0017727,            0.001585,            0.001585,            0.001585
                 257,            0.037956,            0.037538,           0.0020639,             0.80389,             0.66005,              0.7481,              0.4931,            0.037142,            0.027516,           0.0017763,            0.001552,            0.001552,            0.001552
                 258,            0.037836,            0.037452,           0.0020379,             0.80546,             0.65913,             0.74832,             0.49316,            0.037141,            0.027524,           0.0017815,            0.001519,            0.001519,            0.001519
                 259,            0.037797,            0.037276,           0.0020528,             0.80543,             0.65908,             0.74788,             0.49314,            0.037138,            0.027527,           0.0017852,            0.001486,            0.001486,            0.001486
                 260,            0.037761,             0.03738,           0.0020598,             0.80694,             0.65772,             0.74782,             0.49334,            0.037135,            0.027536,           0.0017858,            0.001453,            0.001453,            0.001453
                 261,            0.037702,            0.037292,           0.0020071,             0.80618,             0.65837,             0.74779,             0.49318,            0.037133,            0.027541,           0.0017901,             0.00142,             0.00142,             0.00142
                 262,            0.037652,            0.037002,           0.0020116,             0.80324,             0.66176,             0.74786,             0.49324,            0.037131,            0.027549,           0.0017947,            0.001387,            0.001387,            0.001387
                 263,            0.037573,            0.037193,           0.0019996,             0.80182,             0.66233,             0.74794,             0.49334,            0.037131,            0.027559,           0.0018015,            0.001354,            0.001354,            0.001354
                 264,            0.037568,            0.036867,           0.0019974,             0.80302,             0.66133,             0.74835,             0.49343,             0.03713,            0.027567,           0.0018051,            0.001321,            0.001321,            0.001321
                 265,            0.037523,            0.037071,           0.0020167,             0.80459,             0.66041,             0.74844,             0.49327,             0.03713,            0.027575,           0.0018075,            0.001288,            0.001288,            0.001288
                 266,            0.037463,            0.037004,           0.0019865,             0.80655,             0.65928,             0.74822,             0.49317,            0.037133,            0.027585,           0.0018132,            0.001255,            0.001255,            0.001255
                 267,            0.037388,            0.036962,           0.0019635,             0.80592,             0.66004,             0.74803,             0.49327,            0.037136,            0.027594,           0.0018146,            0.001222,            0.001222,            0.001222
                 268,            0.037377,            0.036809,           0.0019464,             0.80622,             0.66086,             0.74826,             0.49298,            0.037136,            0.027603,           0.0018143,            0.001189,            0.001189,            0.001189
                 269,            0.037334,            0.036828,           0.0019568,             0.80544,             0.66125,             0.74832,             0.49312,            0.037138,            0.027613,           0.0018183,            0.001156,            0.001156,            0.001156
                 270,            0.037252,            0.036755,           0.0019576,             0.80697,             0.65922,             0.74835,             0.49339,            0.037142,            0.027618,           0.0018236,            0.001123,            0.001123,            0.001123
                 271,            0.037249,            0.036748,           0.0019309,             0.80694,             0.65764,             0.74794,             0.49324,             0.03714,            0.027625,           0.0018268,             0.00109,             0.00109,             0.00109
                 272,            0.037025,            0.036617,           0.0018854,             0.80839,             0.65702,             0.74768,             0.49324,            0.037139,            0.027632,           0.0018307,            0.001057,            0.001057,            0.001057
                 273,            0.037086,            0.036542,           0.0019167,             0.80826,             0.65705,             0.74745,             0.49322,            0.037137,            0.027642,            0.001833,            0.001024,            0.001024,            0.001024
                 274,            0.037068,            0.036637,           0.0018969,             0.80847,             0.65714,             0.74728,             0.49342,            0.037137,             0.02765,           0.0018359,            0.000991,            0.000991,            0.000991
                 275,            0.036913,             0.03619,            0.001897,             0.80926,             0.65558,             0.74722,             0.49374,            0.037136,             0.02766,           0.0018388,            0.000958,            0.000958,            0.000958
                 276,            0.036919,            0.036282,           0.0018903,             0.80891,             0.65547,             0.74709,             0.49359,            0.037134,            0.027669,           0.0018435,            0.000925,            0.000925,            0.000925
                 277,            0.036842,            0.036169,           0.0018718,             0.80961,             0.65555,             0.74733,              0.4938,            0.037136,            0.027677,            0.001847,            0.000892,            0.000892,            0.000892
                 278,            0.036733,            0.036253,           0.0018609,             0.81163,             0.65527,             0.74738,             0.49402,            0.037139,            0.027689,           0.0018506,            0.000859,            0.000859,            0.000859
                 279,            0.036735,            0.036149,           0.0018365,             0.81061,             0.65519,             0.74675,             0.49387,             0.03714,            0.027704,           0.0018567,            0.000826,            0.000826,            0.000826
                 280,            0.036697,            0.036113,           0.0018406,             0.81009,             0.65496,             0.74723,             0.49385,            0.037147,            0.027716,           0.0018628,            0.000793,            0.000793,            0.000793
                 281,            0.036667,            0.036066,           0.0018363,               0.809,             0.65458,             0.74688,             0.49391,             0.03715,             0.02773,            0.001868,             0.00076,             0.00076,             0.00076
                 282,            0.036516,            0.035997,           0.0018256,             0.80805,             0.65503,             0.74643,             0.49357,            0.037153,            0.027739,           0.0018724,            0.000727,            0.000727,            0.000727
                 283,            0.036533,             0.03578,           0.0018192,             0.80658,             0.65732,             0.74674,             0.49343,            0.037158,            0.027751,           0.0018772,            0.000694,            0.000694,            0.000694
                 284,            0.036451,            0.035849,            0.001822,             0.80774,             0.65688,             0.74634,             0.49362,             0.03716,            0.027765,           0.0018802,            0.000661,            0.000661,            0.000661
                 285,            0.036363,            0.035768,           0.0017881,             0.80825,             0.65631,             0.74594,             0.49333,            0.037164,            0.027781,           0.0018843,            0.000628,            0.000628,            0.000628
                 286,            0.036407,            0.035774,           0.0017885,             0.80974,             0.65534,             0.74572,              0.4933,            0.037171,            0.027799,           0.0018891,            0.000595,            0.000595,            0.000595
                 287,             0.03623,            0.035621,           0.0017767,              0.8129,              0.6529,             0.74528,             0.49292,            0.037175,            0.027818,           0.0018942,            0.000562,            0.000562,            0.000562
                 288,            0.036226,            0.035554,           0.0017582,             0.81241,             0.65232,             0.74484,             0.49285,            0.037181,            0.027838,           0.0018971,            0.000529,            0.000529,            0.000529
                 289,            0.036174,            0.035541,           0.0017386,             0.81238,             0.65224,             0.74511,             0.49271,            0.037187,            0.027853,            0.001901,            0.000496,            0.000496,            0.000496
                 290,            0.036062,            0.035451,           0.0017386,             0.81135,             0.65206,             0.74474,             0.49272,            0.037194,             0.02787,            0.001906,            0.000463,            0.000463,            0.000463
                 291,            0.036085,            0.035502,            0.001751,             0.81078,             0.65153,             0.74472,             0.49242,              0.0372,            0.027888,           0.0019102,             0.00043,             0.00043,             0.00043
                 292,            0.035981,             0.03521,           0.0017278,             0.81151,             0.65094,             0.74465,             0.49228,            0.037207,            0.027908,            0.001915,            0.000397,            0.000397,            0.000397
                 293,            0.035922,            0.035069,            0.001704,             0.81144,             0.64938,             0.74435,             0.49208,            0.037214,            0.027932,           0.0019199,            0.000364,            0.000364,            0.000364
